dataset,drift_kind,method,false_alarms,detection_delay,miss_detection_rate
friedman_lea_seed0,abrupt,FEDD_cos,35,270,0.0
friedman_lea_seed0,abrupt,FEDD_pear,35,500,0.0
friedman_lea_seed0,abrupt,ELM_ECDD,264,14,0.0
friedman_lea_seed1,abrupt,FEDD_cos,35,557,0.0
friedman_lea_seed1,abrupt,FEDD_pear,35,529,0.0
friedman_lea_seed1,abrupt,ELM_ECDD,136,5839,33.333333333333336
friedman_lea_seed2,abrupt,FEDD_cos,35,588,0.0
friedman_lea_seed2,abrupt,FEDD_pear,35,230,0.0
friedman_lea_seed2,abrupt,ELM_ECDD,230,288,0.0
friedman_gsg_seed0,gradual,FEDD_cos,36,162,0.0
friedman_gsg_seed0,gradual,FEDD_pear,36,249,0.0
friedman_gsg_seed0,gradual,ELM_ECDD,351,83,0.0
friedman_gsg_seed1,gradual,FEDD_cos,36,160,0.0
friedman_gsg_seed1,gradual,FEDD_pear,36,143,0.0
friedman_gsg_seed1,gradual,ELM_ECDD,74,7615,50.0
friedman_gsg_seed2,gradual,FEDD_cos,36,64,0.0
friedman_gsg_seed2,gradual,FEDD_pear,36,94,0.0
friedman_gsg_seed2,gradual,ELM_ECDD,301,36,0.0
